{
  "fc1": {
    "weight": [
      [
        0.16085960338693533,
        -0.9252945837906816
      ],
      [
        -0.32373186779020224,
        0.8559639043140408
      ],
      [
        0.9796164565543464,
        0.585136759281857
      ],
      [
        0.27796494987179754,
        -0.25795415073851996
      ],
      [
        0.6193386537008005,
        -0.3540871950253123
      ],
      [
        0.47820644375659943,
        -0.06143435070206761
      ],
      [
        0.21979522705078125,
        0.4382629096508026
      ],
      [
        -1.0304327831890272,
        -0.018478664498759564
      ]
    ],
    "bias": [
      0.8926650687308358,
      0.3612709694229113,
      0.6980303220221411,
      0.49687093180449576,
      -0.06359127317238544,
      0.5722350134513323,
      -0.6547002792358398,
      0.5153402064761818
    ]
  },
  "fc2": {
    "weight": [
      [
        0.5575186095489061,
        -0.4709501773759966,
        -0.2485915766091755,
        -0.00857896541936977,
        0.249298798167337,
        -0.05359455300972421,
        0.28599342703819275,
        0.060789584021757215
      ],
      [
        0.2362442904730773,
        0.02910678093008817,
        0.420605151997716,
        -0.0011798179552462852,
        0.4227068548091123,
        -0.011014063356152966,
        0.09915151447057724,
        -0.5637231816373612
      ]
    ],
    "bias": [
      -0.14493794053382772,
      -0.26388140031748414
    ]
  }
}